Date,USDZAR
04/05/2016,14.64
05/05/2016,14.95
06/05/2016,14.95
09/05/2016,14.82
10/05/2016,15.14
11/05/2016,15.09
12/05/2016,15.01
13/05/2016,15.04
16/05/2016,15.46
17/05/2016,15.64
18/05/2016,15.61
19/05/2016,15.86
20/05/2016,15.79
23/05/2016,15.62
24/05/2016,15.72
25/05/2016,15.65
26/05/2016,15.65
27/05/2016,15.52
30/05/2016,15.70
31/05/2016,15.80
01/06/2016,15.71
02/06/2016,15.58
03/06/2016,15.56
06/06/2016,15.11
07/06/2016,14.89
08/06/2016,14.92
09/06/2016,14.73
10/06/2016,14.81
13/06/2016,15.23
14/06/2016,15.12
15/06/2016,15.33
16/06/2016,15.17
17/06/2016,15.32
20/06/2016,15.04
21/06/2016,14.82
22/06/2016,14.75
23/06/2016,14.57
24/06/2016,14.55
27/06/2016,15.20
28/06/2016,15.39
29/06/2016,15.14
30/06/2016,14.77
01/07/2016,14.74
04/07/2016,14.59
05/07/2016,14.57
06/07/2016,14.76
07/07/2016,14.72
08/07/2016,14.77
11/07/2016,14.55
12/07/2016,14.45
13/07/2016,14.34
14/07/2016,14.48
15/07/2016,14.26
18/07/2016,14.40
19/07/2016,14.24
20/07/2016,14.33
21/07/2016,14.29
22/07/2016,14.22
25/07/2016,14.29
26/07/2016,14.36
27/07/2016,14.33
28/07/2016,14.21
29/07/2016,14.13
01/08/2016,13.89
02/08/2016,13.92
03/08/2016,14.01
04/08/2016,13.91
05/08/2016,13.69
08/08/2016,13.75
09/08/2016,13.59
10/08/2016,13.43
11/08/2016,13.24
12/08/2016,13.39
15/08/2016,13.45
16/08/2016,13.29
17/08/2016,13.41
18/08/2016,13.36
19/08/2016,13.35
22/08/2016,13.48
23/08/2016,13.56
24/08/2016,13.89
25/08/2016,14.16
26/08/2016,14.19
29/08/2016,14.29
30/08/2016,14.40
31/08/2016,14.47
01/09/2016,14.68
02/09/2016,14.58
05/09/2016,14.48
06/09/2016,14.38
07/09/2016,13.99
08/09/2016,14.00
09/09/2016,14.12
12/09/2016,14.38
13/09/2016,14.24
14/09/2016,14.43
15/09/2016,14.31
16/09/2016,14.19
19/09/2016,14.20
20/09/2016,14.00
21/09/2016,13.89
22/09/2016,13.58
23/09/2016,13.61
26/09/2016,13.75
27/09/2016,13.70
28/09/2016,13.44
29/09/2016,13.62
30/09/2016,13.92
03/10/2016,13.74
04/10/2016,13.60
05/10/2016,13.82
06/10/2016,13.72
07/10/2016,13.88
10/10/2016,13.78
11/10/2016,13.78
12/10/2016,14.33
13/10/2016,14.23
14/10/2016,14.25
17/10/2016,14.30
18/10/2016,14.13
19/10/2016,13.87
20/10/2016,13.82
21/10/2016,13.93
24/10/2016,13.93
25/10/2016,13.91
26/10/2016,13.75
27/10/2016,13.87
28/10/2016,13.84
31/10/2016,13.78
01/11/2016,13.46
02/11/2016,13.61
03/11/2016,13.44
04/11/2016,13.43
07/11/2016,13.53
08/11/2016,13.38
09/11/2016,13.23
10/11/2016,13.48
11/11/2016,14.07
14/11/2016,14.24
15/11/2016,14.40
16/11/2016,14.16
17/11/2016,14.28
18/11/2016,14.42
21/11/2016,14.42
22/11/2016,14.21
23/11/2016,14.06
24/11/2016,14.13
25/11/2016,14.14
28/11/2016,14.02
29/11/2016,13.72
30/11/2016,13.87
01/12/2016,14.09
02/12/2016,14.09
05/12/2016,13.91
06/12/2016,13.71
07/12/2016,13.63
08/12/2016,13.46
09/12/2016,13.64
12/12/2016,13.81
13/12/2016,13.60
14/12/2016,13.58
15/12/2016,13.95
16/12/2016,13.96
19/12/2016,14.01
20/12/2016,14.13
21/12/2016,13.92
22/12/2016,13.97
23/12/2016,14.03
26/12/2016,14.03
27/12/2016,13.99
28/12/2016,13.92
29/12/2016,13.85
30/12/2016,13.57
02/01/2017,13.74
03/01/2017,13.71
04/01/2017,13.80
05/01/2017,13.60
06/01/2017,13.57
09/01/2017,13.74
10/01/2017,13.64
11/01/2017,13.73
12/01/2017,13.72
13/01/2017,13.52
16/01/2017,13.53
17/01/2017,13.66
18/01/2017,13.45
19/01/2017,13.62
20/01/2017,13.54
23/01/2017,13.61
24/01/2017,13.45
25/01/2017,13.36
26/01/2017,13.23
27/01/2017,13.34
30/01/2017,13.47
31/01/2017,13.51
01/02/2017,13.47
02/02/2017,13.46
03/02/2017,13.37
06/02/2017,13.25
07/02/2017,13.28
08/02/2017,13.43
09/02/2017,13.41
10/02/2017,13.42
13/02/2017,13.37
14/02/2017,13.32
15/02/2017,13.08
16/02/2017,12.90
17/02/2017,13.01
20/02/2017,13.07
21/02/2017,13.05
22/02/2017,13.14
23/02/2017,13.00
24/02/2017,12.85
27/02/2017,12.92
28/02/2017,12.99
01/03/2017,13.12
02/03/2017,13.01
03/03/2017,13.14
06/03/2017,13.00
07/03/2017,13.00
08/03/2017,12.96
09/03/2017,13.14
10/03/2017,13.31
13/03/2017,13.20
14/03/2017,13.12
15/03/2017,13.14
16/03/2017,12.81
17/03/2017,12.76
20/03/2017,12.70
21/03/2017,12.64
22/03/2017,12.67
23/03/2017,12.56
24/03/2017,12.46
27/03/2017,12.40
28/03/2017,12.74
29/03/2017,12.98
30/03/2017,13.04
31/03/2017,13.43
03/04/2017,13.36
04/04/2017,13.69
05/04/2017,13.60
06/04/2017,13.78
07/04/2017,13.77
10/04/2017,13.76
11/04/2017,13.91
12/04/2017,13.81
13/04/2017,13.46
14/04/2017,13.44
17/04/2017,13.39
18/04/2017,13.29
19/04/2017,13.26
20/04/2017,13.27
21/04/2017,13.13
24/04/2017,12.98
25/04/2017,13.02
26/04/2017,13.07
27/04/2017,13.25
28/04/2017,13.34
01/05/2017,13.33
02/05/2017,13.39
03/05/2017,13.34
04/05/2017,13.43
05/05/2017,13.63
08/05/2017,13.45
09/05/2017,13.61
10/05/2017,13.62
11/05/2017,13.49
12/05/2017,13.36
15/05/2017,13.37
16/05/2017,13.17
17/05/2017,13.07
18/05/2017,13.26
19/05/2017,13.41
22/05/2017,13.20
23/05/2017,13.23
24/05/2017,13.09
25/05/2017,12.89
26/05/2017,12.92
29/05/2017,12.82
30/05/2017,12.99
31/05/2017,13.11
01/06/2017,13.08
02/06/2017,12.89
05/06/2017,12.81
06/06/2017,12.69
07/06/2017,12.81
08/06/2017,12.82
09/06/2017,12.92
12/06/2017,12.91
13/06/2017,12.82
14/06/2017,12.77
15/06/2017,12.63
16/06/2017,12.87
19/06/2017,12.79
20/06/2017,12.98
21/06/2017,13.06
22/06/2017,13.06
23/06/2017,12.96
26/06/2017,12.91
27/06/2017,12.87
28/06/2017,13.01
29/06/2017,12.93
30/06/2017,12.99
03/07/2017,13.05
04/07/2017,13.19
05/07/2017,13.18
06/07/2017,13.39
07/07/2017,13.41
10/07/2017,13.38
12/07/2017,13.53
13/07/2017,13.24
14/07/2017,13.20
17/07/2017,13.02
18/07/2017,12.94
19/07/2017,12.90
20/07/2017,12.93
21/07/2017,13.02
24/07/2017,12.91
25/07/2017,12.95
26/07/2017,13.06
27/07/2017,12.89
28/07/2017,13.00
31/07/2017,12.99
01/08/2017,13.16
02/08/2017,13.25
03/08/2017,13.21
04/08/2017,13.37
07/08/2017,13.40
08/08/2017,13.22
09/08/2017,13.36
10/08/2017,13.43
11/08/2017,13.45
14/08/2017,13.43
15/08/2017,13.29
16/08/2017,13.31
17/08/2017,13.17
18/08/2017,13.28
21/08/2017,13.16
22/08/2017,13.15
23/08/2017,13.20
24/08/2017,13.15
25/08/2017,13.20
28/08/2017,13.00
29/08/2017,13.07
30/08/2017,12.99
31/08/2017,13.01
01/09/2017,12.99
04/09/2017,12.94
05/09/2017,12.94
06/09/2017,12.90
07/09/2017,12.79
08/09/2017,12.80
11/09/2017,12.90
12/09/2017,12.96
13/09/2017,12.98
14/09/2017,13.14
15/09/2017,13.12
18/09/2017,13.15
19/09/2017,13.28
20/09/2017,13.32
21/09/2017,13.32
22/09/2017,13.28
25/09/2017,13.23
26/09/2017,13.33
27/09/2017,13.36
28/09/2017,13.57
29/09/2017,13.51
02/10/2017,13.55
03/10/2017,13.58
04/10/2017,13.64
05/10/2017,13.57
06/10/2017,13.66
09/10/2017,13.76
10/10/2017,13.79
11/10/2017,13.68
12/10/2017,13.51
13/10/2017,13.46
16/10/2017,13.26
17/10/2017,13.33
18/10/2017,13.38
19/10/2017,13.55
20/10/2017,13.50
23/10/2017,13.69
24/10/2017,13.69
25/10/2017,13.74
26/10/2017,14.07
27/10/2017,14.24
30/10/2017,14.10
31/10/2017,14.05
01/11/2017,14.12
02/11/2017,14.05
03/11/2017,13.97
06/11/2017,14.19
07/11/2017,14.10
08/11/2017,14.21
09/11/2017,14.15
10/11/2017,14.25
13/11/2017,14.38
14/11/2017,14.46
15/11/2017,14.36
17/11/2017,14.14
20/11/2017,13.99
21/11/2017,14.04
22/11/2017,13.96
23/11/2017,13.82
24/11/2017,13.87
27/11/2017,14.05
28/11/2017,13.75
29/11/2017,13.66
30/11/2017,13.65
01/12/2017,13.71
04/12/2017,13.75
05/12/2017,13.52
06/12/2017,13.45
07/12/2017,13.52
08/12/2017,13.72
11/12/2017,13.66
12/12/2017,13.60
13/12/2017,13.66
14/12/2017,13.46
15/12/2017,13.49
18/12/2017,13.09
19/12/2017,12.73
20/12/2017,12.72
21/12/2017,12.73
22/12/2017,12.75
25/12/2017,12.59
26/12/2017,12.59
27/12/2017,12.49
28/12/2017,12.25
29/12/2017,12.40
01/01/2018,12.32
02/01/2018,12.39
03/01/2018,12.44
04/01/2018,12.36
05/01/2018,12.29
08/01/2018,12.30
09/01/2018,12.37
10/01/2018,12.33
11/01/2018,12.42
12/01/2018,12.38
15/01/2018,12.37
16/01/2018,12.29
17/01/2018,12.25
18/01/2018,12.31
19/01/2018,12.11
22/01/2018,12.08
23/01/2018,12.04
24/01/2018,12.03
25/01/2018,11.87
26/01/2018,11.91
29/01/2018,11.85
30/01/2018,11.94
31/01/2018,11.96
01/02/2018,11.84
02/02/2018,11.84
05/02/2018,12.06
06/02/2018,12.10
07/02/2018,11.93
08/02/2018,12.06
09/02/2018,12.14
12/02/2018,12.02
13/02/2018,11.89
14/02/2018,11.96
15/02/2018,11.72
16/02/2018,11.62
19/02/2018,11.62
20/02/2018,11.67
21/02/2018,11.72
22/02/2018,11.66
23/02/2018,11.65
26/02/2018,11.57
27/02/2018,11.56
28/02/2018,11.70
01/03/2018,11.78
02/03/2018,11.85
05/03/2018,11.92
06/03/2018,11.83
07/03/2018,11.84
08/03/2018,11.84
09/03/2018,11.91
12/03/2018,11.81
13/03/2018,11.81
14/03/2018,11.78
15/03/2018,11.76
16/03/2018,11.90
19/03/2018,11.98
20/03/2018,12.01
21/03/2018,11.95
22/03/2018,11.82
23/03/2018,11.88
26/03/2018,11.70
27/03/2018,11.64
28/03/2018,11.64
29/03/2018,11.77
30/03/2018,11.83
02/04/2018,11.83
03/04/2018,11.85
04/04/2018,11.82
05/04/2018,11.86
06/04/2018,11.99
09/04/2018,12.02
10/04/2018,12.09
11/04/2018,12.03
12/04/2018,11.94
13/04/2018,12.04
16/04/2018,12.08
17/04/2018,12.03
18/04/2018,11.98
19/04/2018,11.92
20/04/2018,11.97
23/04/2018,12.09
24/04/2018,12.34
25/04/2018,12.31
26/04/2018,12.43
27/04/2018,12.38
30/04/2018,12.32
01/05/2018,12.44
02/05/2018,12.66
03/05/2018,12.69
04/05/2018,12.59
07/05/2018,12.50
08/05/2018,12.53
09/05/2018,12.58
10/05/2018,12.55
11/05/2018,12.31
14/05/2018,12.25
15/05/2018,12.32
16/05/2018,12.57
17/05/2018,12.43
18/05/2018,12.61
21/05/2018,12.75
22/05/2018,12.67
23/05/2018,12.56
24/05/2018,12.45
25/05/2018,12.42
28/05/2018,12.47
29/05/2018,12.45
30/05/2018,12.69
31/05/2018,12.52
01/06/2018,12.70
04/06/2018,12.67
05/06/2018,12.57
06/06/2018,12.75
07/06/2018,12.70
08/06/2018,12.97
11/06/2018,13.06
12/06/2018,13.15
13/06/2018,13.29
14/06/2018,13.31
15/06/2018,13.44
18/06/2018,13.41
19/06/2018,13.65
20/06/2018,13.73
21/06/2018,13.66
22/06/2018,13.58
25/06/2018,13.40
26/06/2018,13.51
27/06/2018,13.52
28/06/2018,13.85
29/06/2018,13.77
02/07/2018,13.71
03/07/2018,13.83
04/07/2018,13.68
05/07/2018,13.67
06/07/2018,13.53
09/07/2018,13.45
10/07/2018,13.40
11/07/2018,13.37
12/07/2018,13.55
13/07/2018,13.30
16/07/2018,13.25
17/07/2018,13.21
18/07/2018,13.27
19/07/2018,13.27
20/07/2018,13.54
23/07/2018,13.38
24/07/2018,13.45
25/07/2018,13.27
26/07/2018,13.10
27/07/2018,13.23
30/07/2018,13.18
31/07/2018,13.16
01/08/2018,13.23
02/08/2018,13.21
03/08/2018,13.43
06/08/2018,13.34
07/08/2018,13.43
08/08/2018,13.32
09/08/2018,13.39
10/08/2018,13.68
13/08/2018,14.24
14/08/2018,14.38
15/08/2018,14.27
16/08/2018,14.59
17/08/2018,14.71
20/08/2018,14.74
21/08/2018,14.50
22/08/2018,14.38
23/08/2018,14.16
24/08/2018,14.38
27/08/2018,14.24
28/08/2018,14.16
29/08/2018,14.19
30/08/2018,14.34
31/08/2018,14.70
03/09/2018,14.72
04/09/2018,14.85
05/09/2018,15.32
06/09/2018,15.40
07/09/2018,15.31
10/09/2018,15.25
11/09/2018,15.19
12/09/2018,15.06
13/09/2018,14.94
14/09/2018,14.77
17/09/2018,14.93
18/09/2018,14.97
19/09/2018,14.86
20/09/2018,14.64
21/09/2018,14.30
24/09/2018,14.34
25/09/2018,14.36
26/09/2018,14.33
27/09/2018,14.13
28/09/2018,14.10
01/10/2018,14.10
02/10/2018,14.21
03/10/2018,14.35
04/10/2018,14.63
05/10/2018,14.83
08/10/2018,14.81
09/10/2018,14.84
10/10/2018,14.57
11/10/2018,14.75
12/10/2018,14.58
15/10/2018,14.53
16/10/2018,14.33
17/10/2018,14.17
18/10/2018,14.24
19/10/2018,14.43
22/10/2018,14.41
23/10/2018,14.32
24/10/2018,14.22
25/10/2018,14.55
26/10/2018,14.61
29/10/2018,14.56
30/10/2018,14.70
31/10/2018,14.60
01/11/2018,14.76
02/11/2018,14.40
05/11/2018,14.26
06/11/2018,14.14
07/11/2018,14.10
08/11/2018,13.91
09/11/2018,14.12
12/11/2018,14.33
13/11/2018,14.45
14/11/2018,14.42
15/11/2018,14.36
16/11/2018,14.19
19/11/2018,13.97
20/11/2018,14.01
21/11/2018,14.09
22/11/2018,13.92
23/11/2018,13.73
26/11/2018,13.85
27/11/2018,13.91
28/11/2018,13.91
29/11/2018,13.77
30/11/2018,13.65
03/12/2018,13.72
04/12/2018,13.68
05/12/2018,13.82
06/12/2018,13.83
07/12/2018,14.04
10/12/2018,14.18
11/12/2018,14.35
12/12/2018,14.32
13/12/2018,14.10
14/12/2018,14.17
17/12/2018,14.38
18/12/2018,14.38
19/12/2018,14.33
20/12/2018,14.36
21/12/2018,14.38
24/12/2018,14.63
25/12/2018,14.51
26/12/2018,14.58
27/12/2018,14.50
28/12/2018,14.49
31/12/2018,14.42
01/01/2019,14.13
02/01/2019,14.39
03/01/2019,14.56
04/01/2019,14.31
07/01/2019,13.98
08/01/2019,13.86
09/01/2019,13.95
10/01/2019,13.84
11/01/2019,13.85
14/01/2019,13.86
15/01/2019,13.76
16/01/2019,13.72
17/01/2019,13.68
18/01/2019,13.71
21/01/2019,13.82
22/01/2019,13.81
23/01/2019,13.95
24/01/2019,13.81
25/01/2019,13.71
28/01/2019,13.60
29/01/2019,13.66
30/01/2019,13.61
31/01/2019,13.33
01/02/2019,13.25
04/02/2019,13.32
05/02/2019,13.41
06/02/2019,13.37
07/02/2019,13.53
08/02/2019,13.61
11/02/2019,13.61
12/02/2019,13.78
13/02/2019,13.75
14/02/2019,14.04
15/02/2019,14.11
18/02/2019,14.08
19/02/2019,14.07
20/02/2019,14.03
21/02/2019,14.01
22/02/2019,14.01
25/02/2019,13.95
26/02/2019,13.82
27/02/2019,13.83
28/02/2019,13.92
01/03/2019,14.06
04/03/2019,14.17
05/03/2019,14.19
06/03/2019,14.17
07/03/2019,14.26
08/03/2019,14.50
11/03/2019,14.41
12/03/2019,14.30
13/03/2019,14.35
14/03/2019,14.41
15/03/2019,14.51
18/03/2019,14.42
19/03/2019,14.43
20/03/2019,14.50
21/03/2019,14.22
22/03/2019,14.20
25/03/2019,14.47
26/03/2019,14.30
27/03/2019,14.41
28/03/2019,14.60
29/03/2019,14.58
01/04/2019,14.33
02/04/2019,14.18
03/04/2019,14.20
04/04/2019,14.13
05/04/2019,14.10
08/04/2019,14.10
09/04/2019,14.12
10/04/2019,14.08
11/04/2019,13.89
12/04/2019,14.01
15/04/2019,13.95
16/04/2019,14.04
17/04/2019,14.02
18/04/2019,13.96
19/04/2019,14.04
22/04/2019,14.07
23/04/2019,14.15
24/04/2019,14.25
25/04/2019,14.44
26/04/2019,14.41
29/04/2019,14.35
30/04/2019,14.31
01/05/2019,14.29
02/05/2019,14.44
03/05/2019,14.52
06/05/2019,14.45
07/05/2019,14.45
08/05/2019,14.43
09/05/2019,14.37
10/05/2019,14.33
13/05/2019,14.19
14/05/2019,14.32
15/05/2019,14.24
16/05/2019,14.20
17/05/2019,14.28
20/05/2019,14.42
21/05/2019,14.37
23/05/2019,14.36
24/05/2019,14.49
27/05/2019,14.42
28/05/2019,14.43
29/05/2019,14.70
30/05/2019,14.63
31/05/2019,14.77
03/06/2019,14.60
04/06/2019,14.45
05/06/2019,14.63
06/06/2019,14.84
07/06/2019,15.00
10/06/2019,14.92
11/06/2019,14.81
12/06/2019,14.65
13/06/2019,14.86
14/06/2019,14.86
17/06/2019,14.79
18/06/2019,14.80
19/06/2019,14.51
20/06/2019,14.32
21/06/2019,14.33
24/06/2019,14.31
25/06/2019,14.35
26/06/2019,14.33
27/06/2019,14.22
28/06/2019,14.16
01/07/2019,14.07
02/07/2019,14.13
03/07/2019,14.07
04/07/2019,14.05
05/07/2019,14.04
08/07/2019,14.20
09/07/2019,14.18
10/07/2019,14.18
11/07/2019,13.97
12/07/2019,13.95
15/07/2019,13.96
16/07/2019,13.90
17/07/2019,13.94
18/07/2019,14.00
19/07/2019,13.86
22/07/2019,13.91
23/07/2019,13.85
24/07/2019,13.92
25/07/2019,13.87
26/07/2019,14.08
29/07/2019,14.24
30/07/2019,14.16
31/07/2019,14.18
01/08/2019,14.33
02/08/2019,14.60
05/08/2019,14.73
06/08/2019,14.95
07/08/2019,14.93
08/08/2019,15.05
09/08/2019,15.04
12/08/2019,15.28
13/08/2019,15.29
14/08/2019,15.13
15/08/2019,15.41
16/08/2019,15.25
19/08/2019,15.29
20/08/2019,15.45
21/08/2019,15.35
22/08/2019,15.18
23/08/2019,15.21
26/08/2019,15.35
27/08/2019,15.27
28/08/2019,15.32
29/08/2019,15.40
30/08/2019,15.31
02/09/2019,15.22
03/09/2019,15.23
04/09/2019,15.10
05/09/2019,14.79
06/09/2019,14.86
09/09/2019,14.79
10/09/2019,14.76
08/10/2019,15.17
10/10/2019,15.20
11/10/2019,15.02
14/10/2019,14.77
15/10/2019,14.80
16/10/2019,14.87
17/10/2019,14.93
18/10/2019,14.82
21/10/2019,14.75
22/10/2019,14.75
23/10/2019,14.58
24/10/2019,14.64
25/10/2019,14.68
28/10/2019,14.62
29/10/2019,14.57
30/10/2019,14.62
31/10/2019,14.97
01/11/2019,15.09
04/11/2019,14.84
05/11/2019,14.77
06/11/2019,14.75
07/11/2019,14.80
08/11/2019,14.72
11/11/2019,14.85
12/11/2019,14.88
13/11/2019,14.93
14/11/2019,14.90
15/11/2019,14.82
18/11/2019,14.71
19/11/2019,14.81
20/11/2019,14.76
21/11/2019,14.78
22/11/2019,14.67
25/11/2019,14.70
26/11/2019,14.76
27/11/2019,14.78
28/11/2019,14.76
29/11/2019,14.70
02/12/2019,14.65
03/12/2019,14.55
04/12/2019,14.63
05/12/2019,14.58
06/12/2019,14.62
09/12/2019,14.61
10/12/2019,14.67
11/12/2019,14.77
12/12/2019,14.68
13/12/2019,14.41
16/12/2019,14.52
17/12/2019,14.38
18/12/2019,14.39
19/12/2019,14.29
20/12/2019,14.21
23/12/2019,14.26
24/12/2019,14.20
25/12/2019,14.15
26/12/2019,14.15
27/12/2019,14.13
30/12/2019,14.05
31/12/2019,14.10
01/01/2020,14.00
02/01/2020,14.00
03/01/2020,14.08
06/01/2020,14.32
07/01/2020,14.20
08/01/2020,14.36
09/01/2020,14.16
10/01/2020,14.21
13/01/2020,14.33
14/01/2020,14.38
15/01/2020,14.40
16/01/2020,14.38
17/01/2020,14.40
20/01/2020,14.48
21/01/2020,14.49
22/01/2020,14.48
23/01/2020,14.33
24/01/2020,14.37
27/01/2020,14.45
28/01/2020,14.58
29/01/2020,14.54
30/01/2020,14.59
31/01/2020,14.74
03/02/2020,15.00
04/02/2020,14.87
05/02/2020,14.77
06/02/2020,14.74
07/02/2020,14.90
10/02/2020,15.07
11/02/2020,14.95
12/02/2020,14.79
13/02/2020,14.87
14/02/2020,14.90
17/02/2020,14.88
18/02/2020,14.98
19/02/2020,15.00
20/02/2020,14.98
21/02/2020,15.11
24/02/2020,15.06
25/02/2020,15.11
26/02/2020,15.21
27/02/2020,15.27
28/02/2020,15.47
02/03/2020,15.76
03/03/2020,15.39
04/03/2020,15.40
05/03/2020,15.25
06/03/2020,15.59
09/03/2020,16.06
10/03/2020,16.05
11/03/2020,15.95
12/03/2020,16.25
13/03/2020,16.56
16/03/2020,16.25
17/03/2020,16.60
18/03/2020,16.52
19/03/2020,17.09
20/03/2020,17.34
23/03/2020,17.67
24/03/2020,17.76
25/03/2020,17.50
26/03/2020,17.28
27/03/2020,17.30
30/03/2020,17.90
31/03/2020,17.92
01/04/2020,17.74
02/04/2020,18.13
03/04/2020,18.47
06/04/2020,19.25
07/04/2020,18.59
08/04/2020,18.23
09/04/2020,18.20
10/04/2020,18.03
13/04/2020,18.03
14/04/2020,18.10
15/04/2020,18.29
16/04/2020,18.66
17/04/2020,18.66
20/04/2020,18.80
21/04/2020,18.77
22/04/2020,18.96
23/04/2020,18.98
24/04/2020,19.10
27/04/2020,19.02
28/04/2020,18.80
29/04/2020,18.59
30/04/2020,18.14
01/05/2020,18.53
04/05/2020,18.91
05/05/2020,18.45
06/05/2020,18.47
07/05/2020,18.81
08/05/2020,18.52
11/05/2020,18.32
12/05/2020,18.40
13/05/2020,18.41
14/05/2020,18.47
15/05/2020,18.42
18/05/2020,18.57
19/05/2020,18.34
20/05/2020,18.32
21/05/2020,17.92
22/05/2020,17.57
25/05/2020,17.56
26/05/2020,17.64
27/05/2020,17.38
28/05/2020,17.34
29/05/2020,17.48
01/06/2020,17.56
02/06/2020,17.38
03/06/2020,17.15
04/06/2020,16.90
05/06/2020,16.88
08/06/2020,16.75
09/06/2020,16.65
10/06/2020,16.58
11/06/2020,16.49
12/06/2020,17.20
15/06/2020,17.17
16/06/2020,17.09
17/06/2020,17.17
18/06/2020,17.18
19/06/2020,17.37
22/06/2020,17.39
23/06/2020,17.26
24/06/2020,17.19
25/06/2020,17.39
26/06/2020,17.13
29/06/2020,17.30
30/06/2020,17.22
01/07/2020,17.34
02/07/2020,17.04
03/07/2020,16.96
06/07/2020,17.04
07/07/2020,16.98
08/07/2020,17.16
09/07/2020,16.90
10/07/2020,16.82
13/07/2020,16.81
14/07/2020,16.79
15/07/2020,16.68
16/07/2020,16.57
17/07/2020,16.73
20/07/2020,16.66
21/07/2020,16.62
22/07/2020,16.38
23/07/2020,16.48
24/07/2020,16.63
27/07/2020,16.66
28/07/2020,16.39
29/07/2020,16.47
30/07/2020,16.55
31/07/2020,16.73
03/08/2020,17.02
04/08/2020,17.19
05/08/2020,17.35
06/08/2020,17.32
07/08/2020,17.42
10/08/2020,17.67
11/08/2020,17.66
12/08/2020,17.49
13/08/2020,17.45
14/08/2020,17.41
17/08/2020,17.36
18/08/2020,17.50
19/08/2020,17.31
20/08/2020,17.25
21/08/2020,17.24
24/08/2020,17.14
25/08/2020,16.96
26/08/2020,16.82
27/08/2020,16.85
28/08/2020,17.03
31/08/2020,16.57
01/09/2020,16.95
02/09/2020,16.63
03/09/2020,16.81
04/09/2020,16.75
07/09/2020,16.62
08/09/2020,16.70
09/09/2020,16.96
10/09/2020,16.58
11/09/2020,16.84
14/09/2020,16.70
15/09/2020,16.65
16/09/2020,16.41
17/09/2020,16.26
18/09/2020,16.13
21/09/2020,16.29
22/09/2020,16.76
23/09/2020,16.77
24/09/2020,17.06
25/09/2020,16.90
28/09/2020,17.11
29/09/2020,17.00
30/09/2020,16.93
01/10/2020,16.73
02/10/2020,16.45
05/10/2020,16.46
06/10/2020,16.55
07/10/2020,16.69
08/10/2020,16.61
09/10/2020,16.58
12/10/2020,16.49
13/10/2020,16.49
14/10/2020,16.46
15/10/2020,16.53
16/10/2020,16.56
19/10/2020,16.51
20/10/2020,16.51
21/10/2020,16.45
22/10/2020,16.34
23/10/2020,16.18
26/10/2020,16.22
27/10/2020,16.18
28/10/2020,16.19
29/10/2020,16.35
30/10/2020,16.36
02/11/2020,16.27
03/11/2020,16.18
04/11/2020,16.01
05/11/2020,15.86
06/11/2020,15.67
09/11/2020,15.59
10/11/2020,15.37
11/11/2020,15.59
12/11/2020,15.63
13/11/2020,15.64
16/11/2020,15.50
17/11/2020,15.29
18/11/2020,15.33
19/11/2020,15.45
20/11/2020,15.43
23/11/2020,15.43
24/11/2020,15.36
25/11/2020,15.18
26/11/2020,15.12
27/11/2020,15.21
30/11/2020,15.24
01/12/2020,15.44
02/12/2020,15.24
03/12/2020,15.28
04/12/2020,15.17
07/12/2020,15.21
08/12/2020,15.14
09/12/2020,14.97
10/12/2020,14.96
11/12/2020,14.96
14/12/2020,15.04
15/12/2020,15.00
16/12/2020,14.88
17/12/2020,14.82
18/12/2020,14.63
21/12/2020,14.72
22/12/2020,14.60
23/12/2020,14.68
24/12/2020,14.59
25/12/2020,14.54
28/12/2020,14.61
29/12/2020,14.62
30/12/2020,14.72
31/12/2020,14.64
01/01/2021,14.48
04/01/2021,14.65
05/01/2021,14.68
06/01/2021,14.95
07/01/2021,15.03
08/01/2021,15.42
11/01/2021,15.30
12/01/2021,15.51
13/01/2021,15.19
14/01/2021,15.25
15/01/2021,15.08
18/01/2021,15.23
19/01/2021,15.14
20/01/2021,14.99
21/01/2021,14.88
22/01/2021,14.95
25/01/2021,15.13
26/01/2021,15.21
27/01/2021,15.04
28/01/2021,15.26
29/01/2021,15.19
01/02/2021,15.17
02/02/2021,15.06
03/02/2021,14.91
04/02/2021,14.89
05/02/2021,14.99
08/02/2021,14.92
09/02/2021,14.86
10/02/2021,14.70
11/02/2021,14.75
12/02/2021,14.61
15/02/2021,14.54
16/02/2021,14.43
17/02/2021,14.67
18/02/2021,14.56
19/02/2021,14.59
22/02/2021,14.66
23/02/2021,14.66
24/02/2021,14.55
25/02/2021,14.48
26/02/2021,15.00
01/03/2021,15.04
02/03/2021,14.96
03/03/2021,14.92
04/03/2021,15.06
05/03/2021,15.28
08/03/2021,15.31
09/03/2021,15.52
10/03/2021,15.28
11/03/2021,15.07
12/03/2021,14.80
15/03/2021,14.94
16/03/2021,14.85
17/03/2021,14.86
18/03/2021,14.61
19/03/2021,14.73
22/03/2021,14.81
23/03/2021,14.70
24/03/2021,14.88
25/03/2021,14.95
26/03/2021,15.00
29/03/2021,14.97
30/03/2021,14.91
31/03/2021,14.90
01/04/2021,14.78
02/04/2021,14.61
05/04/2021,14.62
06/04/2021,14.55
07/04/2021,14.51
08/04/2021,14.54
09/04/2021,14.52
12/04/2021,14.58
13/04/2021,14.56
14/04/2021,14.49
15/04/2021,14.39
16/04/2021,14.14
19/04/2021,14.30
20/04/2021,14.21
21/04/2021,14.29
22/04/2021,14.22
23/04/2021,14.31
26/04/2021,14.27
27/04/2021,14.27
28/04/2021,14.37
29/04/2021,14.20
30/04/2021,14.28
03/05/2021,14.46
04/05/2021,14.49
